<?xml version="1.0" encoding="utf-8" standalone="no" ?>
<!-- 
	Usage:

	To localize the description, use the following format for the description element.
	<description>
	<text xml:lang="en">English App description goes here</text>
	<text xml:lang="fr">French App description goes here</text>
	<text xml:lang="ja">Japanese App description goes here</text>
	</description>

	To localize the name, use the following format for the name element.
	<name>
	<text xml:lang="en">English App name goes here</text>
	<text xml:lang="fr">French App name goes here</text>
	<text xml:lang="ja">Japanese App name goes here</text>
	</name>
-->
<application xmlns="http://ns.adobe.com/air/application/17.0">
  <id>main</id>
  <versionNumber>1.0</versionNumber>
  <filename>main</filename>
  <description/>
  <name>main</name>
  <copyright/>
  <initialWindow>
    <content>main.swf</content>
    <systemChrome>standard</systemChrome>
    <transparent>false</transparent>
    <visible>true</visible>
    <fullScreen>false</fullScreen>
    <aspectRatio>landscape</aspectRatio>
    <renderMode>gpu</renderMode>
    <autoOrients>true</autoOrients></initialWindow>
  <icon/>
  <customUpdateUI>false</customUpdateUI>
  <allowBrowserInvocation>false</allowBrowserInvocation>
  <versionLabel/>
  <android>
    <manifestAdditions><![CDATA[<manifest>
</manifest>]]></manifestAdditions>
  </android>
</application>
